{
  "rmse_test": 0.943483829498291,
  "precision@10": 0.06352067868504772,
  "recall@10": 0.04349925714734058
}